group_id,Component_43,apul,peve,ptua,type,avg_identity,query,accession,id,reviewed,protein_name,organism,pident,length,evalue,bitscore,title,go_ids,go_bp,go_cc,go_mf,goslim_ids,goslim_names
OG_06154,1.1879171984611774,FUN_027987-T1,Peve_00023127,Pocillopora_meandrina_HIv1___RNAseq.g14022.t1,three_way,64.95433333333334,,,,,,,,,,,,,,,,,
OG_09826,1.1462623851307718,FUN_042659-T1,Peve_00031591,Pocillopora_meandrina_HIv1___RNAseq.g4898.t1,three_way,46.13633333333333,,,,,,,,,,,,,,,,,
OG_02532,1.0734011951535345,FUN_010610-T1,Peve_00002553,Pocillopora_meandrina_HIv1___RNAseq.g9919.t1,three_way,68.22433333333333,,,,,,,,,,,,,,,,,
OG_07144,1.0424112521443285,FUN_032474-T1,Peve_00036450,Pocillopora_meandrina_HIv1___RNAseq.g24244.t1,three_way,56.147333333333336,,,,,,,,,,,,,,,,,
OG_07455,0.8850202948106998,FUN_033951-T1,Peve_00032117,Pocillopora_meandrina_HIv1___RNAseq.g28360.t1,three_way,65.717,,,,,,,,,,,,,,,,,
OG_06174,0.8826591737052035,FUN_028030-T1,Peve_00044201,Pocillopora_meandrina_HIv1___RNAseq.g13933.t1,three_way,44.60566666666666,,,,,,,,,,,,,,,,,
OG_00531,0.873695518689424,FUN_001545-T1,Peve_00033291,Pocillopora_meandrina_HIv1___RNAseq.g15386.t1,three_way,49.809666666666665,,,,,,,,,,,,,,,,,
OG_06842,0.8720389030671155,FUN_031782-T1,Peve_00010427,Pocillopora_meandrina_HIv1___RNAseq.g5565.t1,three_way,65.31783333333333,FUN_031782-T1,P29176,,,,,44.2,77.0,1.2e-06,55.1,sp|P29176|FOSX_MSVFR Transforming protein v-Fos/v-Fox OS=FBR murine osteosarcoma virus OX=353765 GN=FOS-FOX PE=3 SV=1,,,,,,
OG_00453,0.8557847712569607,FUN_001377-T1,Peve_00021886,Pocillopora_meandrina_HIv1___RNAseq.g2136.t1,three_way,56.78516666666667,,,,,,,,,,,,,,,,,
OG_08098,0.8349866884172237,FUN_035840-T1,Peve_00032502,Pocillopora_meandrina_HIv1___RNAseq.g11957.t1,three_way,76.54033333333332,FUN_035840-T1,P38532,HSF1_MOUSE,,Heat shock factor protein 1 (HSF 1) (Heat shock transcription factor 1) (HSTF 1),Mus musculus (Mouse),55.7,176.0,1.1e-44,182.6,sp|P38532|HSF1_MOUSE Heat shock factor protein 1 OS=Mus musculus OX=10090 GN=Hsf1 PE=1 SV=2,GO:0000122; GO:0000165; GO:0000776; GO:0000791; GO:0000792; GO:0000978; GO:0001162; GO:0001227; GO:0001228; GO:0001701; GO:0001892; GO:0003677; GO:0003682; GO:0005634; GO:0005654; GO:0005737; GO:0005813; GO:0005829; GO:0006281; GO:0006397; GO:0006952; GO:0007143; GO:0007283; GO:0007584; GO:0008283; GO:0009408; GO:0010628; GO:0010667; GO:0014823; GO:0016605; GO:0019901; GO:0031072; GO:0031333; GO:0031490; GO:0032496; GO:0032720; GO:0032991; GO:0033574; GO:0034605; GO:0034620; GO:0035865; GO:0040018; GO:0042802; GO:0043565; GO:0045120; GO:0045651; GO:0045931; GO:0045944; GO:0046982; GO:0048471; GO:0050673; GO:0050680; GO:0051028; GO:0051879; GO:0060136; GO:0061770; GO:0062029; GO:0065003; GO:0070301; GO:0071222; GO:0071276; GO:0071280; GO:0071392; GO:0071466; GO:0071480; GO:0072738; GO:0090084; GO:0090261; GO:0097165; GO:0097431; GO:0097677; GO:0098847; GO:0101031; GO:0120162; GO:0140296; GO:1900034; GO:1901652; GO:1902512; GO:1903936; GO:1904385; GO:1904843; GO:1904845; GO:1990841; GO:1990904; GO:1990910; GO:1990911; GO:2001033; GO:2001235,cell population proliferation [GO:0008283]; cellular response to angiotensin [GO:1904385]; cellular response to cadmium ion [GO:0071276]; cellular response to copper ion [GO:0071280]; cellular response to diamide [GO:0072738]; cellular response to estradiol stimulus [GO:0071392]; cellular response to gamma radiation [GO:0071480]; cellular response to heat [GO:0034605]; cellular response to hydrogen peroxide [GO:0070301]; cellular response to L-glutamine [GO:1904845]; cellular response to lipopolysaccharide [GO:0071222]; cellular response to nitroglycerin [GO:1904843]; cellular response to potassium ion [GO:0035865]; cellular response to sodium arsenite [GO:1903936]; cellular response to unfolded protein [GO:0034620]; cellular response to xenobiotic stimulus [GO:0071466]; defense response [GO:0006952]; DNA repair [GO:0006281]; embryonic placenta development [GO:0001892]; embryonic process involved in female pregnancy [GO:0060136]; epithelial cell proliferation [GO:0050673]; female meiotic nuclear division [GO:0007143]; in utero embryonic development [GO:0001701]; MAPK cascade [GO:0000165]; mRNA processing [GO:0006397]; mRNA transport [GO:0051028]; negative regulation of cardiac muscle cell apoptotic process [GO:0010667]; negative regulation of double-strand break repair via nonhomologous end joining [GO:2001033]; negative regulation of epithelial cell proliferation [GO:0050680]; negative regulation of inclusion body assembly [GO:0090084]; negative regulation of protein-containing complex assembly [GO:0031333]; negative regulation of transcription by RNA polymerase II [GO:0000122]; negative regulation of tumor necrosis factor production [GO:0032720]; positive regulation of apoptotic DNA fragmentation [GO:1902512]; positive regulation of apoptotic signaling pathway [GO:2001235]; positive regulation of cold-induced thermogenesis [GO:0120162]; positive regulation of gene expression [GO:0010628]; positive regulation of inclusion body assembly [GO:0090261]; positive regulation of macrophage differentiation [GO:0045651]; positive regulation of mitotic cell cycle [GO:0045931]; positive regulation of multicellular organism growth [GO:0040018]; positive regulation of stress granule assembly [GO:0062029]; positive regulation of transcription by RNA polymerase II [GO:0045944]; protein-containing complex assembly [GO:0065003]; regulation of cellular response to heat [GO:1900034]; response to activity [GO:0014823]; response to heat [GO:0009408]; response to hypobaric hypoxia [GO:1990910]; response to lipopolysaccharide [GO:0032496]; response to nutrient [GO:0007584]; response to peptide [GO:1901652]; response to psychosocial stress [GO:1990911]; response to testosterone [GO:0033574]; spermatogenesis [GO:0007283],centrosome [GO:0005813]; cytoplasm [GO:0005737]; cytosol [GO:0005829]; euchromatin [GO:0000791]; heterochromatin [GO:0000792]; kinetochore [GO:0000776]; mitotic spindle pole [GO:0097431]; nuclear stress granule [GO:0097165]; nucleoplasm [GO:0005654]; nucleus [GO:0005634]; perinuclear region of cytoplasm [GO:0048471]; PML body [GO:0016605]; pronucleus [GO:0045120]; protein folding chaperone complex [GO:0101031]; protein-containing complex [GO:0032991]; ribonucleoprotein complex [GO:1990904],"chromatin binding [GO:0003682]; chromatin DNA binding [GO:0031490]; DNA binding [GO:0003677]; DNA-binding transcription activator activity, RNA polymerase II-specific [GO:0001228]; DNA-binding transcription repressor activity, RNA polymerase II-specific [GO:0001227]; general transcription initiation factor binding [GO:0140296]; heat shock protein binding [GO:0031072]; Hsp90 protein binding [GO:0051879]; identical protein binding [GO:0042802]; promoter-specific chromatin binding [GO:1990841]; protein heterodimerization activity [GO:0046982]; protein kinase binding [GO:0019901]; RNA polymerase II cis-regulatory region sequence-specific DNA binding [GO:0000978]; RNA polymerase II intronic transcription regulatory region sequence-specific DNA binding [GO:0001162]; sequence-specific DNA binding [GO:0043565]; sequence-specific single stranded DNA binding [GO:0098847]; STAT family protein binding [GO:0097677]; translation elongation factor binding [GO:0061770]",GO:0003677; GO:0005634; GO:0005654; GO:0005815; GO:0005829; GO:0006281; GO:0006355; GO:0016071; GO:0022414; GO:0043226; GO:0048856; GO:0065003; GO:0140013; GO:0140110,DNA binding; nucleus; nucleoplasm; microtubule organizing center; cytosol; DNA repair; regulation of DNA-templated transcription; mRNA metabolic process; reproductive process; organelle; anatomical structure development; protein-containing complex assembly; meiotic nuclear division; transcription regulator activity
OG_01759,0.8265840796786136,FUN_007111-T1,Peve_00017835,Pocillopora_meandrina_HIv1___RNAseq.g19017.t1,three_way,39.03566666666666,,,,,,,,,,,,,,,,,
OG_09120,0.8234103456254992,FUN_039266-T1,Peve_00002772,Pocillopora_meandrina_HIv1___RNAseq.g13577.t1,three_way,76.14266666666667,FUN_039266-T1,P12394,,,,,43.7,462.0,3.8999999999999998e-109,396.7,"sp|P12394|CP17A_CHICK Steroid 17-alpha-hydroxylase/17,20 lyase OS=Gallus gallus OX=9031 GN=CYP17A1 PE=2 SV=1",,,,,,
OG_06046,0.8208106643141025,FUN_026714-T1,Peve_00018519,Pocillopora_meandrina_HIv1___RNAseq.g9373.t1,three_way,56.48,FUN_026714-T1,Q96EW2,,,,,42.0,138.0,4.4e-20,99.4,sp|Q96EW2|HBAP1_HUMAN HSPB1-associated protein 1 OS=Homo sapiens OX=9606 GN=HSPBAP1 PE=1 SV=1,,,,,,
OG_06132,0.8002293674783643,FUN_027938-T2,Peve_00032459,Pocillopora_meandrina_HIv1___RNAseq.g14030.t1,three_way,71.97066666666667,,,,,,,,,,,,,,,,,
OG_09472,0.786491281654526,FUN_041498-T1,Peve_00007700,Pocillopora_meandrina_HIv1___TS.g10682.t1,three_way,80.48866666666666,FUN_041498-T1,Q6Q2B2,,,,,39.5,253.0,1.1e-33,145.6,sp|Q6Q2B2|MBN2A_TAKRU Muscleblind-like protein 2a OS=Takifugu rubripes OX=31033 GN=mbnl2a PE=2 SV=1,,,,,,
OG_02998,0.7668394220369324,FUN_012177-T1,Peve_00040996,Pocillopora_meandrina_HIv1___RNAseq.g23859.t1,three_way,91.90766666666669,FUN_012177-T1,P18654,KS6A3_MOUSE,,Ribosomal protein S6 kinase alpha-3 (S6K-alpha-3) (EC 2.7.11.1) (90 kDa ribosomal protein S6 kinase 3) (p90-RSK 3) (p90RSK3) (MAP kinase-activated protein kinase 1b) (MAPK-activated protein kinase 1b) (MAPKAP kinase 1b) (MAPKAPK-1b) (Ribosomal S6 kinase 2) (RSK-2) (pp90RSK2),Mus musculus (Mouse),67.4,742.0,1e-291,1003.8,sp|P18654|KS6A3_MOUSE Ribosomal protein S6 kinase alpha-3 OS=Mus musculus OX=10090 GN=Rps6ka3 PE=1 SV=2,GO:0000287; GO:0002224; GO:0004674; GO:0005524; GO:0005654; GO:0005730; GO:0005829; GO:0019901; GO:0032496; GO:0035556; GO:0043066; GO:0045944; GO:0106310,intracellular signal transduction [GO:0035556]; negative regulation of apoptotic process [GO:0043066]; positive regulation of transcription by RNA polymerase II [GO:0045944]; response to lipopolysaccharide [GO:0032496]; toll-like receptor signaling pathway [GO:0002224],cytosol [GO:0005829]; nucleolus [GO:0005730]; nucleoplasm [GO:0005654],ATP binding [GO:0005524]; magnesium ion binding [GO:0000287]; protein kinase binding [GO:0019901]; protein serine kinase activity [GO:0106310]; protein serine/threonine kinase activity [GO:0004674],GO:0002376; GO:0003824; GO:0005654; GO:0005730; GO:0005829; GO:0006355; GO:0016740; GO:0043226; GO:0140096,"immune system process; catalytic activity; nucleoplasm; nucleolus; cytosol; regulation of DNA-templated transcription; transferase activity; organelle; catalytic activity, acting on a protein"
OG_06757,0.7625534843455268,FUN_031570-T1,Peve_00021507,Pocillopora_meandrina_HIv1___RNAseq.g5065.t1,three_way,57.521,FUN_031570-T1,D4A218,,,,,32.0,303.0,1.1e-26,122.5,sp|D4A218|DMRT3_RAT Doublesex and mab-3 related transcription factor 3 OS=Rattus norvegicus OX=10116 GN=Dmrt3 PE=3 SV=1,,,,,,
OG_07118,0.7601388084547679,FUN_032395-T1,Peve_00036447,Pocillopora_meandrina_HIv1___RNAseq.g29833.t1,three_way,64.09349999999999,FUN_032395-T1,Q76LC6,RBM24_DANRE,,RNA-binding protein 24 (RNA-binding motif protein 24) (RNA-binding protein SEB-4),Danio rerio (Zebrafish) (Brachydanio rerio),61.8,89.0,7.2e-27,122.5,sp|Q76LC6|RBM24_DANRE RNA-binding protein 24 OS=Danio rerio OX=7955 GN=rbm24 PE=2 SV=1,GO:0000381; GO:0001654; GO:0001756; GO:0001947; GO:0003228; GO:0003723; GO:0003730; GO:0005634; GO:0005737; GO:0005829; GO:0006397; GO:0006974; GO:0007519; GO:0008380; GO:0010830; GO:0010831; GO:0035315; GO:0035925; GO:0043488; GO:0045663; GO:0048255; GO:0048702; GO:0060297; GO:0060298; GO:0061157; GO:0061158; GO:0071599; GO:0072359; GO:0097157; GO:1902811; GO:1905870; GO:1990715; GO:1990825; GO:2000738; GO:2000766,"3'-UTR-mediated mRNA destabilization [GO:0061158]; atrial cardiac muscle tissue development [GO:0003228]; circulatory system development [GO:0072359]; DNA damage response [GO:0006974]; embryonic neurocranium morphogenesis [GO:0048702]; eye development [GO:0001654]; hair cell differentiation [GO:0035315]; heart looping [GO:0001947]; mRNA destabilization [GO:0061157]; mRNA processing [GO:0006397]; mRNA stabilization [GO:0048255]; negative regulation of cytoplasmic translation [GO:2000766]; otic vesicle development [GO:0071599]; positive regulation of 3'-UTR-mediated mRNA stabilization [GO:1905870]; positive regulation of myoblast differentiation [GO:0045663]; positive regulation of myotube differentiation [GO:0010831]; positive regulation of sarcomere organization [GO:0060298]; positive regulation of skeletal muscle fiber differentiation [GO:1902811]; positive regulation of stem cell differentiation [GO:2000738]; regulation of alternative mRNA splicing, via spliceosome [GO:0000381]; regulation of mRNA stability [GO:0043488]; regulation of myotube differentiation [GO:0010830]; regulation of sarcomere organization [GO:0060297]; RNA splicing [GO:0008380]; skeletal muscle tissue development [GO:0007519]; somitogenesis [GO:0001756]",cytoplasm [GO:0005737]; cytosol [GO:0005829]; nucleus [GO:0005634],mRNA 3'-UTR AU-rich region binding [GO:0035925]; mRNA 3'-UTR binding [GO:0003730]; mRNA CDS binding [GO:1990715]; pre-mRNA intronic binding [GO:0097157]; RNA binding [GO:0003723]; sequence-specific mRNA binding [GO:1990825],GO:0003723; GO:0005634; GO:0005829; GO:0016071; GO:0030154; GO:0043226; GO:0048856,RNA binding; nucleus; cytosol; mRNA metabolic process; cell differentiation; organelle; anatomical structure development
OG_09075,0.7541299276538843,FUN_038804-T1,Peve_00007218,Pocillopora_meandrina_HIv1___RNAseq.g28539.t1c,three_way,93.94983333333332,FUN_038804-T1,Q90YS3,,,,,88.7,231.0,2.5e-113,409.8,sp|Q90YS3|RS2_ICTPU Small ribosomal subunit protein uS5 OS=Ictalurus punctatus OX=7998 GN=rps2 PE=2 SV=1,,,,,,
OG_09178,0.7497588075801681,FUN_039858-T1,Peve_00020641,Pocillopora_meandrina_HIv1___RNAseq.g7287.t1a,three_way,34.05316666666667,,,,,,,,,,,,,,,,,
OG_04999,0.7418407361999073,FUN_023134-T1,Peve_00008524,Pocillopora_meandrina_HIv1___RNAseq.g1753.t1,three_way,84.611,FUN_023134-T1,P26632,EGR1_DANRE,,Early growth response protein 1 (EGR-1) (Zinc finger protein Krox-24),Danio rerio (Zebrafish) (Brachydanio rerio),46.4,125.0,1.4e-15,85.5,sp|P26632|EGR1_DANRE Early growth response protein 1 OS=Danio rerio OX=7955 GN=egr1 PE=2 SV=2,GO:0000978; GO:0000981; GO:0005634; GO:0005737; GO:0006357; GO:0008270; GO:0010385; GO:0010842; GO:0032922; GO:0043010; GO:0043565; GO:0044729; GO:0045893; GO:0045944; GO:0048703; GO:0060059; GO:1990841,camera-type eye development [GO:0043010]; circadian regulation of gene expression [GO:0032922]; embryonic retina morphogenesis in camera-type eye [GO:0060059]; embryonic viscerocranium morphogenesis [GO:0048703]; positive regulation of DNA-templated transcription [GO:0045893]; positive regulation of transcription by RNA polymerase II [GO:0045944]; regulation of transcription by RNA polymerase II [GO:0006357]; retina layer formation [GO:0010842],cytoplasm [GO:0005737]; nucleus [GO:0005634],"DNA-binding transcription factor activity, RNA polymerase II-specific [GO:0000981]; double-stranded methylated DNA binding [GO:0010385]; hemi-methylated DNA-binding [GO:0044729]; promoter-specific chromatin binding [GO:1990841]; RNA polymerase II cis-regulatory region sequence-specific DNA binding [GO:0000978]; sequence-specific DNA binding [GO:0043565]; zinc ion binding [GO:0008270]",GO:0003677; GO:0005634; GO:0006355; GO:0043226; GO:0048856; GO:0140110,DNA binding; nucleus; regulation of DNA-templated transcription; organelle; anatomical structure development; transcription regulator activity
OG_09894,0.7401597860198367,FUN_042988-T1,Peve_00036062,Pocillopora_meandrina_HIv1___RNAseq.g7093.t1,three_way,53.70933333333333,,,,,,,,,,,,,,,,,
OG_00082,0.7388005263795132,FUN_000411-T1,Peve_00010961,Pocillopora_meandrina_HIv1___RNAseq.g2317.t1,three_way,32.01166666666666,,,,,,,,,,,,,,,,,
OG_03422,0.7298527706125125,FUN_014476-T1,Peve_00037307,Pocillopora_meandrina_HIv1___RNAseq.g22818.t1,three_way,61.25033333333334,,,,,,,,,,,,,,,,,
OG_00948,0.7296006569772362,FUN_004307-T1,Peve_00033930,Pocillopora_meandrina_HIv1___RNAseq.g11779.t1,three_way,63.568666666666665,FUN_004307-T1,O96952,,,,,51.0,102.0,1.3e-23,111.3,sp|O96952|THIO_GEOCY Thioredoxin OS=Geodia cydonium OX=6047 GN=THIO PE=3 SV=1,,,,,,
OG_04609,0.7245551747807937,FUN_022305-T1,Peve_00003816,Pocillopora_meandrina_HIv1___RNAseq.g3971.t1,three_way,36.00233333333333,,,,,,,,,,,,,,,,,
OG_08097,0.7211819501361673,FUN_035839-T1,Peve_00032500,Pocillopora_meandrina_HIv1___RNAseq.g11958.t2,three_way,68.27866666666667,,,,,,,,,,,,,,,,,
OG_02325,0.7154593189425186,FUN_008917-T1,Peve_00033005,Pocillopora_meandrina_HIv1___RNAseq.g3982.t1,three_way,74.89333333333333,FUN_008917-T1,Q6V5K9,,,,,46.8,269.0,1e-59,232.6,sp|Q6V5K9|ZN474_MOUSE Zinc finger protein 474 OS=Mus musculus OX=10090 GN=Znf474 PE=2 SV=2,,,,,,
OG_02486,0.7020512685771759,FUN_009818-T1,Peve_00042916,Pocillopora_meandrina_HIv1___RNAseq.g24548.t1,three_way,67.266,FUN_009818-T1,Q8MIR4,,,,,38.3,574.0,3.8e-94,347.1,sp|Q8MIR4|COASY_PIG Bifunctional coenzyme A synthase OS=Sus scrofa OX=9823 GN=COASY PE=1 SV=1,,,,,,
OG_01995,0.7015238954428789,FUN_008104-T1,Peve_00019588,Pocillopora_meandrina_HIv1___RNAseq.g17898.t1,three_way,90.90516666666667,FUN_008104-T1,O57521,HS90B_DANRE,,Heat shock protein HSP 90-beta,Danio rerio (Zebrafish) (Brachydanio rerio),82.0,727.0,2.3e-304,1045.8,sp|O57521|HS90B_DANRE Heat shock protein HSP 90-beta OS=Danio rerio OX=7955 GN=hsp90ab1 PE=1 SV=2,GO:0001568; GO:0005524; GO:0005576; GO:0005634; GO:0005737; GO:0005829; GO:0005886; GO:0006457; GO:0007517; GO:0016887; GO:0030511; GO:0032435; GO:0032991; GO:0034605; GO:0034751; GO:0043627; GO:0046983; GO:0048471; GO:0050821; GO:0050900; GO:0051082; GO:0051726; GO:0120293; GO:0140662; GO:0141069,blood vessel development [GO:0001568]; cellular response to heat [GO:0034605]; leukocyte migration [GO:0050900]; muscle organ development [GO:0007517]; negative regulation of proteasomal ubiquitin-dependent protein catabolic process [GO:0032435]; positive regulation of transforming growth factor beta receptor signaling pathway [GO:0030511]; protein folding [GO:0006457]; protein stabilization [GO:0050821]; regulation of cell cycle [GO:0051726]; response to estrogen [GO:0043627],aryl hydrocarbon receptor complex [GO:0034751]; cytoplasm [GO:0005737]; cytosol [GO:0005829]; dynein axonemal particle [GO:0120293]; extracellular region [GO:0005576]; nucleus [GO:0005634]; perinuclear region of cytoplasm [GO:0048471]; plasma membrane [GO:0005886]; protein-containing complex [GO:0032991],ATP binding [GO:0005524]; ATP hydrolysis activity [GO:0016887]; ATP-dependent protein folding chaperone [GO:0140662]; protein dimerization activity [GO:0046983]; receptor ligand inhibitor activity [GO:0141069]; unfolded protein binding [GO:0051082],GO:0002376; GO:0003824; GO:0005576; GO:0005634; GO:0005829; GO:0005886; GO:0006457; GO:0016787; GO:0043226; GO:0044183; GO:0048856; GO:0048870; GO:0098772; GO:0140657,immune system process; catalytic activity; extracellular region; nucleus; cytosol; plasma membrane; protein folding; hydrolase activity; organelle; protein folding chaperone; anatomical structure development; cell motility; molecular function regulator activity; ATP-dependent activity
OG_04693,0.6977427882835839,FUN_022485-T1,Peve_00002925,Pocillopora_meandrina_HIv1___RNAseq.g4293.t1,three_way,88.12733333333333,,,,,,,,,,,,,,,,,
OG_05304,0.6805077259172462,FUN_023976-T1,Peve_00020879,Pocillopora_meandrina_HIv1___RNAseq.g19436.t1,three_way,62.5495,FUN_023976-T1,Q9HBW9,AGRL4_HUMAN,,"Adhesion G protein-coupled receptor L4 (EGF, latrophilin and seven transmembrane domain-containing protein 1) (EGF-TM7-latrophilin-related protein) (ETL protein)",Homo sapiens (Human),37.6,93.0,1.4e-08,65.1,sp|Q9HBW9|AGRL4_HUMAN Adhesion G protein-coupled receptor L4 OS=Homo sapiens OX=9606 GN=ADGRL4 PE=1 SV=3,GO:0004930; GO:0005509; GO:0005886; GO:0007166; GO:0007186; GO:0007189; GO:0016020; GO:0031410,adenylate cyclase-activating G protein-coupled receptor signaling pathway [GO:0007189]; cell surface receptor signaling pathway [GO:0007166]; G protein-coupled receptor signaling pathway [GO:0007186],cytoplasmic vesicle [GO:0031410]; membrane [GO:0016020]; plasma membrane [GO:0005886],calcium ion binding [GO:0005509]; G protein-coupled receptor activity [GO:0004930],GO:0005886; GO:0031410; GO:0043226; GO:0060089,plasma membrane; cytoplasmic vesicle; organelle; molecular transducer activity
OG_09295,0.6733401200521459,FUN_040146-T1,Peve_00038108,Pocillopora_meandrina_HIv1___RNAseq.g8511.t1,three_way,40.80866666666667,,,,,,,,,,,,,,,,,
OG_00767,0.6714795987048334,FUN_003693-T1,Peve_00040660,Pocillopora_meandrina_HIv1___RNAseq.g30052.t1,three_way,45.812,FUN_003693-T1,P06582,,,,,43.8,80.0,2.9e-12,75.1,sp|P06582|HSP12_CAEEL Heat shock protein hsp-16.2 OS=Caenorhabditis elegans OX=6239 GN=hsp-16.2 PE=2 SV=1,,,,,,
OG_02728,0.6639111759031082,FUN_011252-T1,Peve_00024318,Pocillopora_meandrina_HIv1___RNAseq.g11307.t1,three_way,52.192,,,,,,,,,,,,,,,,,
OG_08693,0.6623568023737894,FUN_037937-T1,Peve_00015638,Pocillopora_meandrina_HIv1___RNAseq.g26202.t1,three_way,78.55583333333333,FUN_037937-T1,Q5M9B1,,,,,51.3,226.0,6.9e-63,242.3,sp|Q5M9B1|SPSB3_XENLA SPRY domain-containing SOCS box protein 3 OS=Xenopus laevis OX=8355 GN=spsb3 PE=2 SV=1,,,,,,
OG_00195,0.6607166079728496,FUN_000905-T1,Peve_00009733,Pocillopora_meandrina_HIv1___RNAseq.g29456.t1,three_way,66.77466666666666,FUN_000905-T1,P70627,FOLH1_RAT,,Glutamate carboxypeptidase 2 (EC 3.4.17.21) (Folate hydrolase 1) (Folylpoly-gamma-glutamate carboxypeptidase) (FGCP) (Glutamate carboxypeptidase II) (GCPII) (Membrane glutamate carboxypeptidase) (mGCP) (N-acetylated-alpha-linked acidic dipeptidase I) (NAALADase I) (Prostate-specific membrane antigen homolog) (Pteroylpoly-gamma-glutamate carboxypeptidase),Rattus norvegicus (Rat),37.3,753.0,5.9e-130,466.5,sp|P70627|FOLH1_RAT Glutamate carboxypeptidase 2 OS=Rattus norvegicus OX=10116 GN=Folh1 PE=1 SV=1,GO:0004180; GO:0004181; GO:0005886; GO:0006508; GO:0006760; GO:0008233; GO:0009986; GO:0016020; GO:0016805; GO:0030163; GO:0043065; GO:0046872; GO:1904492; GO:1904493,folic acid-containing compound metabolic process [GO:0006760]; positive regulation of apoptotic process [GO:0043065]; protein catabolic process [GO:0030163]; proteolysis [GO:0006508],cell surface [GO:0009986]; membrane [GO:0016020]; plasma membrane [GO:0005886],Ac-Asp-Glu binding [GO:1904492]; carboxypeptidase activity [GO:0004180]; dipeptidase activity [GO:0016805]; metal ion binding [GO:0046872]; metallocarboxypeptidase activity [GO:0004181]; peptidase activity [GO:0008233]; tetrahydrofolyl-poly(glutamate) polymer binding [GO:1904493],GO:0003824; GO:0005886; GO:0006575; GO:0016787; GO:0030163; GO:0140096,"catalytic activity; plasma membrane; modified amino acid metabolic process; hydrolase activity; protein catabolic process; catalytic activity, acting on a protein"
OG_02040,0.6590823843641065,FUN_008245-T1,Peve_00031789,Pocillopora_meandrina_HIv1___RNAseq.g17949.t1,three_way,80.146,,,,,,,,,,,,,,,,,
OG_05813,0.6575091457921886,FUN_025815-T1,Peve_00002524,Pocillopora_meandrina_HIv1___RNAseq.g9337.t1,three_way,46.56366666666667,FUN_025815-T1,O35565,FGF10_MOUSE,,Fibroblast growth factor 10 (FGF-10) (Keratinocyte growth factor 2),Mus musculus (Mouse),32.5,126.0,2e-11,71.2,sp|O35565|FGF10_MOUSE Fibroblast growth factor 10 OS=Mus musculus OX=10090 GN=Fgf10 PE=2 SV=1,GO:0000132; GO:0000278; GO:0001525; GO:0001759; GO:0001823; GO:0001935; GO:0001938; GO:0001974; GO:0003338; GO:0005111; GO:0005615; GO:0005634; GO:0005886; GO:0006935; GO:0007267; GO:0007368; GO:0007435; GO:0008083; GO:0008201; GO:0008283; GO:0008544; GO:0008589; GO:0009880; GO:0009887; GO:0009986; GO:0010468; GO:0010634; GO:0010838; GO:0016055; GO:0021983; GO:0030036; GO:0030177; GO:0030324; GO:0030538; GO:0030855; GO:0030857; GO:0030878; GO:0030916; GO:0030949; GO:0031016; GO:0031069; GO:0031076; GO:0032355; GO:0032496; GO:0032808; GO:0032925; GO:0034394; GO:0035019; GO:0035108; GO:0035265; GO:0042056; GO:0042060; GO:0042246; GO:0042472; GO:0042475; GO:0042693; GO:0043616; GO:0045739; GO:0045747; GO:0045893; GO:0045931; GO:0045944; GO:0046579; GO:0046877; GO:0048010; GO:0048144; GO:0048146; GO:0048286; GO:0048514; GO:0048536; GO:0048538; GO:0048557; GO:0048565; GO:0048566; GO:0048645; GO:0048730; GO:0048752; GO:0048807; GO:0048808; GO:0050671; GO:0050673; GO:0050674; GO:0050677; GO:0050679; GO:0050872; GO:0050918; GO:0050930; GO:0051145; GO:0051549; GO:0060019; GO:0060173; GO:0060174; GO:0060425; GO:0060428; GO:0060430; GO:0060436; GO:0060441; GO:0060445; GO:0060447; GO:0060449; GO:0060496; GO:0060510; GO:0060513; GO:0060541; GO:0060594; GO:0060595; GO:0060615; GO:0060661; GO:0060664; GO:0060665; GO:0060667; GO:0060879; GO:0060915; GO:0061033; GO:0061115; GO:0070075; GO:0070343; GO:0070352; GO:0070371; GO:0070374; GO:0070384; GO:0071338; GO:0072089; GO:0090263; GO:0097192; GO:1900087; GO:1902178; GO:2000647; GO:2000648; GO:2001240,actin cytoskeleton organization [GO:0030036]; angiogenesis [GO:0001525]; animal organ formation [GO:0048645]; animal organ morphogenesis [GO:0009887]; blood vessel morphogenesis [GO:0048514]; blood vessel remodeling [GO:0001974]; branch elongation involved in salivary gland morphogenesis [GO:0060667]; branching involved in salivary gland morphogenesis [GO:0060445]; bronchiole morphogenesis [GO:0060436]; bud elongation involved in lung branching [GO:0060449]; bud outgrowth involved in lung branching [GO:0060447]; cell population proliferation [GO:0008283]; cell-cell signaling [GO:0007267]; chemotaxis [GO:0006935]; determination of left/right symmetry [GO:0007368]; digestive tract development [GO:0048565]; embryonic camera-type eye development [GO:0031076]; embryonic digestive tract development [GO:0048566]; embryonic digestive tract morphogenesis [GO:0048557]; embryonic genitalia morphogenesis [GO:0030538]; embryonic pattern specification [GO:0009880]; endothelial cell proliferation [GO:0001935]; epidermis development [GO:0008544]; epidermis morphogenesis [GO:0048730]; epithelial cell differentiation [GO:0030855]; epithelial cell proliferation [GO:0050673]; epithelial cell proliferation involved in salivary gland morphogenesis [GO:0060664]; epithelial tube branching involved in lung morphogenesis [GO:0060441]; ERK1 and ERK2 cascade [GO:0070371]; establishment of mitotic spindle orientation [GO:0000132]; extrinsic apoptotic signaling pathway in absence of ligand [GO:0097192]; female genitalia morphogenesis [GO:0048807]; fibroblast growth factor receptor apoptotic signaling pathway [GO:1902178]; fibroblast growth factor receptor signaling pathway involved in mammary gland specification [GO:0060595]; fibroblast proliferation [GO:0048144]; hair follicle morphogenesis [GO:0031069]; Harderian gland development [GO:0070384]; induction of positive chemotaxis [GO:0050930]; inner ear morphogenesis [GO:0042472]; keratinocyte proliferation [GO:0043616]; lacrimal gland development [GO:0032808]; limb bud formation [GO:0060174]; limb development [GO:0060173]; limb morphogenesis [GO:0035108]; lung alveolus development [GO:0048286]; lung development [GO:0030324]; lung epithelium development [GO:0060428]; lung morphogenesis [GO:0060425]; lung proximal/distal axis specification [GO:0061115]; lung saccule development [GO:0060430]; male genitalia morphogenesis [GO:0048808]; mammary gland bud formation [GO:0060615]; mammary gland specification [GO:0060594]; mesenchymal cell differentiation involved in lung development [GO:0060915]; mesenchymal-epithelial cell signaling involved in lung development [GO:0060496]; mesonephros development [GO:0001823]; metanephros morphogenesis [GO:0003338]; mitotic cell cycle [GO:0000278]; muscle cell fate commitment [GO:0042693]; negative regulation of epithelial cell differentiation [GO:0030857]; negative regulation of extrinsic apoptotic signaling pathway in absence of ligand [GO:2001240]; negative regulation of stem cell proliferation [GO:2000647]; odontogenesis of dentin-containing tooth [GO:0042475]; organ growth [GO:0035265]; organ induction [GO:0001759]; otic vesicle formation [GO:0030916]; pancreas development [GO:0031016]; pituitary gland development [GO:0021983]; positive chemotaxis [GO:0050918]; positive regulation of canonical Wnt signaling pathway [GO:0090263]; positive regulation of DNA repair [GO:0045739]; positive regulation of DNA-templated transcription [GO:0045893]; positive regulation of endothelial cell proliferation [GO:0001938]; positive regulation of epithelial cell migration [GO:0010634]; positive regulation of epithelial cell proliferation [GO:0050679]; positive regulation of ERK1 and ERK2 cascade [GO:0070374]; positive regulation of fibroblast proliferation [GO:0048146]; positive regulation of G1/S transition of mitotic cell cycle [GO:1900087]; positive regulation of hair follicle cell proliferation [GO:0071338]; positive regulation of keratinocyte migration [GO:0051549]; positive regulation of keratinocyte proliferation [GO:0010838]; positive regulation of lymphocyte proliferation [GO:0050671]; positive regulation of mitotic cell cycle [GO:0045931]; positive regulation of Notch signaling pathway [GO:0045747]; positive regulation of Ras protein signal transduction [GO:0046579]; positive regulation of stem cell proliferation [GO:2000648]; positive regulation of transcription by RNA polymerase II [GO:0045944]; positive regulation of urothelial cell proliferation [GO:0050677]; positive regulation of vascular endothelial growth factor receptor signaling pathway [GO:0030949]; positive regulation of white fat cell proliferation [GO:0070352]; positive regulation of Wnt signaling pathway [GO:0030177]; prostatic bud formation [GO:0060513]; protein localization to cell surface [GO:0034394]; radial glial cell differentiation [GO:0060019]; regulation of activin receptor signaling pathway [GO:0032925]; regulation of branching involved in salivary gland morphogenesis by mesenchymal-epithelial signaling [GO:0060665]; regulation of gene expression [GO:0010468]; regulation of saliva secretion [GO:0046877]; regulation of smoothened signaling pathway [GO:0008589]; respiratory system development [GO:0060541]; response to estradiol [GO:0032355]; response to lipopolysaccharide [GO:0032496]; salivary gland morphogenesis [GO:0007435]; secretion by lung epithelial cell involved in lung growth [GO:0061033]; semicircular canal fusion [GO:0060879]; semicircular canal morphogenesis [GO:0048752]; smooth muscle cell differentiation [GO:0051145]; somatic stem cell population maintenance [GO:0035019]; spleen development [GO:0048536]; stem cell proliferation [GO:0072089]; submandibular salivary gland formation [GO:0060661]; tear secretion [GO:0070075]; thymus development [GO:0048538]; thyroid gland development [GO:0030878]; tissue regeneration [GO:0042246]; type II pneumocyte differentiation [GO:0060510]; urothelial cell proliferation [GO:0050674]; vascular endothelial growth factor receptor signaling pathway [GO:0048010]; white fat cell differentiation [GO:0050872]; white fat cell proliferation [GO:0070343]; Wnt signaling pathway [GO:0016055]; wound healing [GO:0042060],cell surface [GO:0009986]; extracellular space [GO:0005615]; nucleus [GO:0005634]; plasma membrane [GO:0005886],chemoattractant activity [GO:0042056]; growth factor activity [GO:0008083]; heparin binding [GO:0008201]; type 2 fibroblast growth factor receptor binding [GO:0005111],GO:0000278; GO:0005615; GO:0005634; GO:0005886; GO:0006355; GO:0007010; GO:0022414; GO:0023052; GO:0030154; GO:0042060; GO:0043226; GO:0048018; GO:0048856; GO:0098772,mitotic cell cycle; extracellular space; nucleus; plasma membrane; regulation of DNA-templated transcription; cytoskeleton organization; reproductive process; signaling; cell differentiation; wound healing; organelle; receptor ligand activity; anatomical structure development; molecular function regulator activity
OG_06663,0.6538760666143639,FUN_031054-T1,Peve_00028185,Pocillopora_meandrina_HIv1___RNAseq.g30322.t1,three_way,84.973,FUN_031054-T1,Q8CIB5,FERM2_MOUSE,,Fermitin family homolog 2 (Kindlin-2) (Pleckstrin homology domain-containing family C member 1),Mus musculus (Mouse),47.4,694.0,4.1000000000000004e-170,599.7,sp|Q8CIB5|FERM2_MOUSE Fermitin family homolog 2 OS=Mus musculus OX=10090 GN=Fermt2 PE=1 SV=1,GO:0001725; GO:0005547; GO:0005634; GO:0005654; GO:0005737; GO:0005829; GO:0005912; GO:0005925; GO:0005938; GO:0007160; GO:0007179; GO:0007229; GO:0008360; GO:0009898; GO:0009986; GO:0010718; GO:0016055; GO:0031258; GO:0031674; GO:0033622; GO:0033625; GO:0034334; GO:0034446; GO:0034713; GO:0035025; GO:0043116; GO:0043539; GO:0045599; GO:0045669; GO:0046332; GO:0048041; GO:0051015; GO:0051496; GO:0051894; GO:0051897; GO:0060173; GO:0070374; GO:0072657; GO:0120283; GO:1900026; GO:1900182; GO:1902414; GO:1902462; GO:1903691,"adherens junction maintenance [GO:0034334]; cell-matrix adhesion [GO:0007160]; focal adhesion assembly [GO:0048041]; integrin activation [GO:0033622]; integrin-mediated signaling pathway [GO:0007229]; limb development [GO:0060173]; negative regulation of fat cell differentiation [GO:0045599]; negative regulation of vascular permeability [GO:0043116]; positive regulation of epithelial to mesenchymal transition [GO:0010718]; positive regulation of ERK1 and ERK2 cascade [GO:0070374]; positive regulation of focal adhesion assembly [GO:0051894]; positive regulation of integrin activation [GO:0033625]; positive regulation of mesenchymal stem cell proliferation [GO:1902462]; positive regulation of osteoblast differentiation [GO:0045669]; positive regulation of phosphatidylinositol 3-kinase/protein kinase B signal transduction [GO:0051897]; positive regulation of protein localization to nucleus [GO:1900182]; positive regulation of Rho protein signal transduction [GO:0035025]; positive regulation of stress fiber assembly [GO:0051496]; positive regulation of substrate adhesion-dependent cell spreading [GO:1900026]; positive regulation of wound healing, spreading of epidermal cells [GO:1903691]; protein localization to cell junction [GO:1902414]; protein localization to membrane [GO:0072657]; regulation of cell shape [GO:0008360]; substrate adhesion-dependent cell spreading [GO:0034446]; transforming growth factor beta receptor signaling pathway [GO:0007179]; Wnt signaling pathway [GO:0016055]",adherens junction [GO:0005912]; cell cortex [GO:0005938]; cell surface [GO:0009986]; cytoplasm [GO:0005737]; cytoplasmic side of plasma membrane [GO:0009898]; cytosol [GO:0005829]; focal adhesion [GO:0005925]; I band [GO:0031674]; lamellipodium membrane [GO:0031258]; nucleoplasm [GO:0005654]; nucleus [GO:0005634]; stress fiber [GO:0001725],"actin filament binding [GO:0051015]; phosphatidylinositol-3,4,5-trisphosphate binding [GO:0005547]; protein serine/threonine kinase activator activity [GO:0043539]; protein serine/threonine kinase binding [GO:0120283]; SMAD binding [GO:0046332]; type I transforming growth factor beta receptor binding [GO:0034713]",GO:0003013; GO:0005634; GO:0005654; GO:0005829; GO:0007155; GO:0008092; GO:0008289; GO:0034330; GO:0043226; GO:0048856; GO:0065003; GO:0098772,circulatory system process; nucleus; nucleoplasm; cytosol; cell adhesion; cytoskeletal protein binding; lipid binding; cell junction organization; organelle; anatomical structure development; protein-containing complex assembly; molecular function regulator activity
OG_07251,0.651463321128369,FUN_032993-T1,Peve_00014539,Pocillopora_meandrina_HIv1___RNAseq.g24472.t1,three_way,86.36833333333334,FUN_032993-T1,P47826,,,,,72.1,280.0,9.999999999999999e-116,417.9,sp|P47826|RLA0_CHICK Large ribosomal subunit protein uL10 OS=Gallus gallus OX=9031 GN=RPLP0 PE=1 SV=1,,,,,,
OG_01955,0.6502281050945194,FUN_008021-T1,Peve_00031303,Pocillopora_meandrina_HIv1___RNAseq.g30342.t1,three_way,69.569,,,,,,,,,,,,,,,,,
OG_01897,0.6485309476129235,FUN_007904-T1,Peve_00040656,Pocillopora_meandrina_HIv1___RNAseq.g30059.t1,three_way,60.9685,FUN_007904-T1,P06582,,,,,37.0,100.0,1.1e-11,72.0,sp|P06582|HSP12_CAEEL Heat shock protein hsp-16.2 OS=Caenorhabditis elegans OX=6239 GN=hsp-16.2 PE=2 SV=1,,,,,,
OG_04538,0.6443340669413375,FUN_022094-T1,Peve_00038682,Pocillopora_meandrina_HIv1___RNAseq.g4121.t1,three_way,74.00383333333333,FUN_022094-T1,Q5R5C1,UROM_PONAB,,"Uromodulin [Cleaved into: Uromodulin, secreted form]",Pongo abelii (Sumatran orangutan) (Pongo pygmaeus abelii),25.9,336.0,2.6e-20,101.7,sp|Q5R5C1|UROM_PONAB Uromodulin OS=Pongo abelii OX=9601 GN=UMOD PE=2 SV=1,GO:0000922; GO:0005509; GO:0005576; GO:0005929; GO:0016020; GO:0016323; GO:0016324; GO:0050829; GO:0060170; GO:0098552; GO:0140367,antibacterial innate immune response [GO:0140367]; defense response to Gram-negative bacterium [GO:0050829],apical plasma membrane [GO:0016324]; basolateral plasma membrane [GO:0016323]; ciliary membrane [GO:0060170]; cilium [GO:0005929]; extracellular region [GO:0005576]; membrane [GO:0016020]; side of membrane [GO:0098552]; spindle pole [GO:0000922],calcium ion binding [GO:0005509],GO:0002376; GO:0005576; GO:0005929; GO:0043226; GO:0098542,immune system process; extracellular region; cilium; organelle; defense response to other organism
OG_09789,0.6439673603867265,FUN_042591-T1,Peve_00012673,Pocillopora_meandrina_HIv1___RNAseq.g16869.t1,three_way,79.75733333333334,FUN_042591-T1,Q87PP5,,,,,36.3,535.0,8.499999999999999e-92,339.7,sp|Q87PP5|BCCT1_VIBPA Glycine betaine/proline/choline/ectoine transporter VP1456 OS=Vibrio parahaemolyticus serotype O3:K6 (strain RIMD 2210633) OX=223926 GN=VP1456 PE=1 SV=1,,,,,,
OG_08229,0.6423123793970786,FUN_036101-T1,Peve_00032197,Pocillopora_meandrina_HIv1___RNAseq.g10817.t1,three_way,53.59666666666666,,,,,,,,,,,,,,,,,
OG_09627,0.6401477377606103,FUN_041794-T1,Peve_00009375,Pocillopora_meandrina_HIv1___RNAseq.g15767.t1,three_way,43.15016666666666,FUN_041794-T1,Q4VC17,ATS18_MOUSE,,A disintegrin and metalloproteinase with thrombospondin motifs 18 (ADAM-TS 18) (ADAM-TS18) (ADAMTS-18) (EC 3.4.24.-),Mus musculus (Mouse),27.2,1006.0,3.1e-77,292.0,sp|Q4VC17|ATS18_MOUSE A disintegrin and metalloproteinase with thrombospondin motifs 18 OS=Mus musculus OX=10090 GN=Adamts18 PE=2 SV=2,GO:0001654; GO:0004222; GO:0005576; GO:0006508; GO:0030198; GO:0046872; GO:0090331,extracellular matrix organization [GO:0030198]; eye development [GO:0001654]; negative regulation of platelet aggregation [GO:0090331]; proteolysis [GO:0006508],extracellular region [GO:0005576],metal ion binding [GO:0046872]; metalloendopeptidase activity [GO:0004222],GO:0003824; GO:0005576; GO:0016787; GO:0030198; GO:0048856; GO:0140096,"catalytic activity; extracellular region; hydrolase activity; extracellular matrix organization; anatomical structure development; catalytic activity, acting on a protein"
OG_03108,0.6399708066007608,FUN_012405-T1,Peve_00002856,Pocillopora_meandrina_HIv1___RNAseq.g9951.t1,three_way,66.98066666666666,,,,,,,,,,,,,,,,,
OG_08228,0.6392196490182364,FUN_036100-T1,Peve_00032196,Pocillopora_meandrina_HIv1___RNAseq.g27435.t1,three_way,77.412,FUN_036100-T1,Q0P8I7,GMHD_CAMJE,,GDP-D-glycero-alpha-D-manno-heptose dehydrogenase (EC 1.1.98.-),Campylobacter jejuni subsp. jejuni serotype O:2 (strain ATCC 700819 / NCTC 11168),41.3,310.0,2.6e-64,247.3,sp|Q0P8I7|GMHD_CAMJE GDP-D-glycero-alpha-D-manno-heptose dehydrogenase OS=Campylobacter jejuni subsp. jejuni serotype O:2 (strain ATCC 700819 / NCTC 11168) OX=192222 GN=Cj1427c PE=1 SV=1,GO:0003978; GO:0016491; GO:0019003; GO:0042802; GO:0045227; GO:0051289; GO:0070404,capsule polysaccharide biosynthetic process [GO:0045227]; protein homotetramerization [GO:0051289],,GDP binding [GO:0019003]; identical protein binding [GO:0042802]; NADH binding [GO:0070404]; oxidoreductase activity [GO:0016491]; UDP-glucose 4-epimerase activity [GO:0003978],GO:0003824; GO:0005975; GO:0016491; GO:0016853; GO:0065003,catalytic activity; carbohydrate metabolic process; oxidoreductase activity; isomerase activity; protein-containing complex assembly
OG_06222,0.6390594767035365,FUN_028166-T1,Peve_00044585,Pocillopora_meandrina_HIv1___RNAseq.g16474.t1,three_way,55.586666666666666,FUN_028166-T1,Q6AI12,,,,,49.2,59.0,3.6e-10,67.0,sp|Q6AI12|ANR40_HUMAN Ankyrin repeat domain-containing protein 40 OS=Homo sapiens OX=9606 GN=ANKRD40 PE=1 SV=2,,,,,,
OG_08952,0.6390343550042787,FUN_038426-T1,Peve_00000114,Pocillopora_meandrina_HIv1___RNAseq.g1178.t1,three_way,77.04633333333334,FUN_038426-T1,F1R8Z9,FXJ1B_DANRE,,Forkhead box protein J1-B,Danio rerio (Zebrafish) (Brachydanio rerio),45.4,282.0,2.2e-51,204.5,sp|F1R8Z9|FXJ1B_DANRE Forkhead box protein J1-B OS=Danio rerio OX=7955 GN=foxj1b PE=2 SV=1,GO:0000978; GO:0000981; GO:0001947; GO:0003146; GO:0005634; GO:0006357; GO:0007368; GO:0044458; GO:0060088; GO:0060271,auditory receptor cell stereocilium organization [GO:0060088]; cilium assembly [GO:0060271]; determination of left/right symmetry [GO:0007368]; heart jogging [GO:0003146]; heart looping [GO:0001947]; motile cilium assembly [GO:0044458]; regulation of transcription by RNA polymerase II [GO:0006357],nucleus [GO:0005634],"DNA-binding transcription factor activity, RNA polymerase II-specific [GO:0000981]; RNA polymerase II cis-regulatory region sequence-specific DNA binding [GO:0000978]",GO:0003677; GO:0005634; GO:0006355; GO:0043226; GO:0044782; GO:0140110,DNA binding; nucleus; regulation of DNA-templated transcription; organelle; cilium organization; transcription regulator activity
OG_03558,0.6342607774300069,FUN_014704-T1,Peve_00021212,Pocillopora_meandrina_HIv1___RNAseq.g22535.t1,three_way,50.87083333333333,,,,,,,,,,,,,,,,,
OG_05573,0.6308154522871375,FUN_024861-T1,Peve_00026074,Pocillopora_meandrina_HIv1___RNAseq.g18770.t1,three_way,57.13,FUN_024861-T1,Q8NEG2,,,,,29.7,182.0,2.8e-08,60.8,sp|Q8NEG2|CG057_HUMAN Uncharacterized protein C7orf57 OS=Homo sapiens OX=9606 GN=C7orf57 PE=1 SV=3,,,,,,
OG_03122,0.6297126583047767,FUN_012476-T1,Peve_00004005,Pocillopora_meandrina_HIv1___RNAseq.g23990.t1,three_way,74.48633333333333,FUN_012476-T1,O15247,CLIC2_HUMAN,,Chloride intracellular channel protein 2 (Glutaredoxin-like oxidoreductase CLIC2) (EC 1.8.-.-) (Glutaredoxin-like peroxidase CLIC2) (EC 1.11.1.-) (XAP121),Homo sapiens (Human),31.7,230.0,1.5e-23,111.3,sp|O15247|CLIC2_HUMAN Chloride intracellular channel protein 2 OS=Homo sapiens OX=9606 GN=CLIC2 PE=1 SV=3,GO:0004602; GO:0005254; GO:0005634; GO:0005654; GO:0005737; GO:0005829; GO:0005886; GO:0006821; GO:0007165; GO:0010880; GO:0010881; GO:0016020; GO:0034707,chloride transport [GO:0006821]; regulation of cardiac muscle contraction by regulation of the release of sequestered calcium ion [GO:0010881]; regulation of release of sequestered calcium ion into cytosol by sarcoplasmic reticulum [GO:0010880]; signal transduction [GO:0007165],chloride channel complex [GO:0034707]; cytoplasm [GO:0005737]; cytosol [GO:0005829]; membrane [GO:0016020]; nucleoplasm [GO:0005654]; nucleus [GO:0005634]; plasma membrane [GO:0005886],chloride channel activity [GO:0005254]; glutathione peroxidase activity [GO:0004602],GO:0003824; GO:0005215; GO:0005634; GO:0005654; GO:0005829; GO:0005886; GO:0016209; GO:0016491; GO:0043226,catalytic activity; transporter activity; nucleus; nucleoplasm; cytosol; plasma membrane; antioxidant activity; oxidoreductase activity; organelle
OG_07872,0.628861594444229,FUN_035231-T1,Peve_00044486,Pocillopora_meandrina_HIv1___RNAseq.g27905.t1,three_way,73.57433333333333,,,,,,,,,,,,,,,,,
OG_10021,0.6233280910648128,FUN_043262-T1,Peve_00032608,Pocillopora_meandrina_HIv1___RNAseq.g8892.t1,three_way,72.44983333333333,FUN_043262-T1,Q9Z0H0,,,,,35.1,559.0,3.6e-82,307.4,sp|Q9Z0H0|CDC7_MOUSE Cell division cycle 7-related protein kinase OS=Mus musculus OX=10090 GN=Cdc7 PE=1 SV=2,,,,,,
OG_00304,0.6201682301012718,FUN_001106-T1,Peve_00003165,Pocillopora_meandrina_HIv1___RNAseq.g29367.t1b,three_way,75.54033333333334,,,,,,,,,,,,,,,,,
OG_00314,0.6193563036969888,FUN_001118-T1,Peve_00029370,Pocillopora_meandrina_HIv1___RNAseq.g22341.t1,three_way,65.59533333333333,FUN_001118-T1,P00918,CAH2_HUMAN,,Carbonic anhydrase 2 (EC 4.2.1.1) (Carbonate dehydratase II) (Carbonic anhydrase C) (CAC) (Carbonic anhydrase II) (CA-II) (Cyanamide hydratase CA2) (EC 4.2.1.69),Homo sapiens (Human),48.1,262.0,3.7e-63,243.0,sp|P00918|CAH2_HUMAN Carbonic anhydrase 2 OS=Homo sapiens OX=9606 GN=CA2 PE=1 SV=2,GO:0002009; GO:0004064; GO:0004089; GO:0005737; GO:0005829; GO:0005886; GO:0008270; GO:0015670; GO:0018820; GO:0032230; GO:0032849; GO:0038166; GO:0043209; GO:0044070; GO:0045177; GO:0046903; GO:0051453; GO:0070050; GO:0070062; GO:2001150; GO:2001225,"angiotensin-activated signaling pathway [GO:0038166]; carbon dioxide transport [GO:0015670]; morphogenesis of an epithelium [GO:0002009]; neuron cellular homeostasis [GO:0070050]; positive regulation of cellular pH reduction [GO:0032849]; positive regulation of dipeptide transmembrane transport [GO:2001150]; positive regulation of synaptic transmission, GABAergic [GO:0032230]; regulation of chloride transport [GO:2001225]; regulation of intracellular pH [GO:0051453]; regulation of monoatomic anion transport [GO:0044070]; secretion [GO:0046903]",apical part of cell [GO:0045177]; cytoplasm [GO:0005737]; cytosol [GO:0005829]; extracellular exosome [GO:0070062]; myelin sheath [GO:0043209]; plasma membrane [GO:0005886],arylesterase activity [GO:0004064]; carbonate dehydratase activity [GO:0004089]; cyanamide hydratase activity [GO:0018820]; zinc ion binding [GO:0008270],GO:0003824; GO:0005829; GO:0005886; GO:0016787; GO:0016829; GO:0043226,catalytic activity; cytosol; plasma membrane; hydrolase activity; lyase activity; organelle
OG_06007,0.6190615620686007,FUN_026527-T1,Peve_00021565,Pocillopora_meandrina_HIv1___RNAseq.g4205.t1,three_way,58.59633333333333,,,,,,,,,,,,,,,,,
OG_02942,0.6179667828063141,FUN_012054-T3,Peve_00004085,Pocillopora_meandrina_HIv1___RNAseq.g23646.t1,three_way,73.15266666666666,FUN_012054-T3,Q7Z020,,,,,22.2,504.0,9.3e-26,120.9,sp|Q7Z020|TRPA1_DROME Transient receptor potential cation channel subfamily A member 1 OS=Drosophila melanogaster OX=7227 GN=TrpA1 PE=1 SV=4,,,,,,
OG_05809,0.6177557906645222,FUN_025809-T2,Peve_00017944,Pocillopora_meandrina_HIv1___TS.g19642.t2,three_way,56.2395,FUN_025809-T2,Q08EN7,,,,,29.7,286.0,1.6e-26,122.5,sp|Q08EN7|ZCPW2_MOUSE Zinc finger CW-type PWWP domain protein 2 homolog OS=Mus musculus OX=10090 GN=Zcwpw2 PE=2 SV=2,,,,,,
OG_08094,0.6167259341195678,FUN_035829-T1,Peve_00002595,Pocillopora_meandrina_HIv1___RNAseq.g11938.t1,three_way,39.348333333333336,,,,,,,,,,,,,,,,,
OG_07749,0.6158654572951352,FUN_034938-T1,Peve_00036685,Pocillopora_meandrina_HIv1___RNAseq.g27832.t1,three_way,69.10716666666667,FUN_034938-T1,Q7Z614,SNX20_HUMAN,,Sorting nexin-20 (Selectin ligand-interactor cytoplasmic 1) (SLIC-1),Homo sapiens (Human),35.0,246.0,3.5000000000000005e-22,107.1,sp|Q7Z614|SNX20_HUMAN Sorting nexin-20 OS=Homo sapiens OX=9606 GN=SNX20 PE=1 SV=1,GO:0005546; GO:0005654; GO:0005886; GO:0015031; GO:0031901; GO:0032266; GO:1901981,protein transport [GO:0015031],early endosome membrane [GO:0031901]; nucleoplasm [GO:0005654]; plasma membrane [GO:0005886],"phosphatidylinositol phosphate binding [GO:1901981]; phosphatidylinositol-3-phosphate binding [GO:0032266]; phosphatidylinositol-4,5-bisphosphate binding [GO:0005546]",GO:0005654; GO:0005886; GO:0008289,nucleoplasm; plasma membrane; lipid binding
OG_03500,0.6157615528312892,FUN_014610-T1,Peve_00027567,Pocillopora_meandrina_HIv1___TS.g27529.t1,three_way,75.49566666666666,FUN_014610-T1,P27465,,,,,48.5,361.0,3.7e-97,356.7,"sp|P27465|PISD_CRIGR Phosphatidylserine decarboxylase proenzyme, mitochondrial OS=Cricetulus griseus OX=10029 GN=Pisd PE=1 SV=2",,,,,,
OG_08842,0.6154540451396874,FUN_038187-T1,Peve_00006347,Pocillopora_meandrina_HIv1___RNAseq.g945.t1,three_way,61.87833333333334,FUN_038187-T1,Q80ZA4,PKHL1_MOUSE,,Fibrocystin-L (Polycystic kidney and hepatic disease 1-like protein 1) (PKHD1-like protein 1) (Protein D86),Mus musculus (Mouse),34.3,4297.0,0.0,2329.7,sp|Q80ZA4|PKHL1_MOUSE Fibrocystin-L OS=Mus musculus OX=10090 GN=Pkhd1l1 PE=1 SV=1,GO:0007605; GO:0032426; GO:0060171; GO:0120234,sensory perception of sound [GO:0007605],stereocilium coat [GO:0120234]; stereocilium membrane [GO:0060171]; stereocilium tip [GO:0032426],,GO:0030312; GO:0050877,external encapsulating structure; nervous system process
OG_01396,0.615103633104513,FUN_005372-T2,Peve_00041488,Pocillopora_meandrina_HIv1___RNAseq.g6635.t1,three_way,84.41483333333333,FUN_005372-T2,P19120,HSP7C_BOVIN,,Heat shock cognate 71 kDa protein (EC 3.6.4.10) (Heat shock 70 kDa protein 8),Bos taurus (Bovine),82.6,650.0,4.8e-293,1008.1,sp|P19120|HSP7C_BOVIN Heat shock cognate 71 kDa protein OS=Bos taurus OX=9913 GN=HSPA8 PE=1 SV=2,GO:0000974; GO:0005524; GO:0005634; GO:0005681; GO:0005730; GO:0005737; GO:0005765; GO:0005829; GO:0005886; GO:0006397; GO:0008380; GO:0016191; GO:0016887; GO:0030674; GO:0031072; GO:0042026; GO:0042470; GO:0044183; GO:0045892; GO:0051085; GO:0061740; GO:0072318; GO:0098793; GO:0140662; GO:1990904,chaperone cofactor-dependent protein refolding [GO:0051085]; clathrin coat disassembly [GO:0072318]; mRNA processing [GO:0006397]; negative regulation of DNA-templated transcription [GO:0045892]; protein refolding [GO:0042026]; protein targeting to lysosome involved in chaperone-mediated autophagy [GO:0061740]; RNA splicing [GO:0008380]; synaptic vesicle uncoating [GO:0016191],cytoplasm [GO:0005737]; cytosol [GO:0005829]; lysosomal membrane [GO:0005765]; melanosome [GO:0042470]; nucleolus [GO:0005730]; nucleus [GO:0005634]; plasma membrane [GO:0005886]; presynapse [GO:0098793]; Prp19 complex [GO:0000974]; ribonucleoprotein complex [GO:1990904]; spliceosomal complex [GO:0005681],ATP binding [GO:0005524]; ATP hydrolysis activity [GO:0016887]; ATP-dependent protein folding chaperone [GO:0140662]; heat shock protein binding [GO:0031072]; protein folding chaperone [GO:0044183]; protein-macromolecule adaptor activity [GO:0030674],GO:0003824; GO:0005634; GO:0005730; GO:0005829; GO:0005886; GO:0006355; GO:0006457; GO:0006886; GO:0016071; GO:0016787; GO:0031410; GO:0043226; GO:0044183; GO:0060090; GO:0140657,catalytic activity; nucleus; nucleolus; cytosol; plasma membrane; regulation of DNA-templated transcription; protein folding; intracellular protein transport; mRNA metabolic process; hydrolase activity; cytoplasmic vesicle; organelle; protein folding chaperone; molecular adaptor activity; ATP-dependent activity
OG_01645,0.6150562975558455,FUN_006796-T1,Peve_00019185,Pocillopora_meandrina_HIv1___RNAseq.g20496.t1,three_way,33.34466666666667,FUN_006796-T1,Q96RW7,HMCN1_HUMAN,,Hemicentin-1 (Fibulin-6) (FIBL-6),Homo sapiens (Human),28.9,287.0,1.3e-17,92.4,sp|Q96RW7|HMCN1_HUMAN Hemicentin-1 OS=Homo sapiens OX=9606 GN=HMCN1 PE=1 SV=2,GO:0005201; GO:0005509; GO:0005604; GO:0005737; GO:0005912; GO:0005927; GO:0005938; GO:0007156; GO:0007157; GO:0007601; GO:0009617; GO:0030036; GO:0032154; GO:0051301; GO:0062023; GO:0070062; GO:0071711,actin cytoskeleton organization [GO:0030036]; basement membrane organization [GO:0071711]; cell division [GO:0051301]; heterophilic cell-cell adhesion via plasma membrane cell adhesion molecules [GO:0007157]; homophilic cell adhesion via plasma membrane adhesion molecules [GO:0007156]; response to bacterium [GO:0009617]; visual perception [GO:0007601],adherens junction [GO:0005912]; basement membrane [GO:0005604]; cell cortex [GO:0005938]; cleavage furrow [GO:0032154]; collagen-containing extracellular matrix [GO:0062023]; cytoplasm [GO:0005737]; extracellular exosome [GO:0070062]; muscle tendon junction [GO:0005927],calcium ion binding [GO:0005509]; extracellular matrix structural constituent [GO:0005201],GO:0005198; GO:0007010; GO:0007155; GO:0030198; GO:0030312; GO:0031012; GO:0043226; GO:0050877,structural molecule activity; cytoskeleton organization; cell adhesion; extracellular matrix organization; external encapsulating structure; extracellular matrix; organelle; nervous system process
OG_05506,0.6049439562318355,FUN_024587-T1,Peve_00037917,Pocillopora_meandrina_HIv1___RNAseq.2717_t,three_way,63.268,,,,,,,,,,,,,,,,,
OG_05826,0.6028029614535552,FUN_025843-T1,Peve_00028316,Pocillopora_meandrina_HIv1___RNAseq.g10339.t1,three_way,66.52566666666667,,,,,,,,,,,,,,,,,
OG_10157,0.6015437530599511,FUN_043552-T1,Peve_00009534,Pocillopora_meandrina_HIv1___RNAseq.g8003.t1,three_way,72.05633333333333,,,,,,,,,,,,,,,,,
OG_04737,0.6007548069004263,FUN_022613-T1,Peve_00012263,Pocillopora_meandrina_HIv1___RNAseq.g4397.t1,three_way,68.725,FUN_022613-T1,A0A0R4IKU3,RECK_DANRE,,Reversion-inducing cysteine-rich protein with Kazal motifs,Danio rerio (Zebrafish) (Brachydanio rerio),38.2,961.0,2.3000000000000002e-201,704.1,sp|A0A0R4IKU3|RECK_DANRE Reversion-inducing cysteine-rich protein with Kazal motifs OS=Danio rerio OX=7955 GN=reck PE=1 SV=3,GO:0001944; GO:0001955; GO:0002040; GO:0004866; GO:0004867; GO:0005886; GO:0008191; GO:0015026; GO:0016055; GO:0030198; GO:0045765; GO:0051726; GO:0060070; GO:0060828; GO:0090049; GO:0090210; GO:0098552; GO:1904684; GO:1990791; GO:1990909,blood vessel maturation [GO:0001955]; canonical Wnt signaling pathway [GO:0060070]; dorsal root ganglion development [GO:1990791]; extracellular matrix organization [GO:0030198]; negative regulation of metalloendopeptidase activity [GO:1904684]; regulation of angiogenesis [GO:0045765]; regulation of canonical Wnt signaling pathway [GO:0060828]; regulation of cell cycle [GO:0051726]; regulation of cell migration involved in sprouting angiogenesis [GO:0090049]; regulation of establishment of blood-brain barrier [GO:0090210]; sprouting angiogenesis [GO:0002040]; vasculature development [GO:0001944]; Wnt signaling pathway [GO:0016055],plasma membrane [GO:0005886]; side of membrane [GO:0098552]; Wnt signalosome [GO:1990909],coreceptor activity [GO:0015026]; endopeptidase inhibitor activity [GO:0004866]; metalloendopeptidase inhibitor activity [GO:0008191]; serine-type endopeptidase inhibitor activity [GO:0004867],GO:0005886; GO:0030198; GO:0048856; GO:0060089; GO:0098772,plasma membrane; extracellular matrix organization; anatomical structure development; molecular transducer activity; molecular function regulator activity
OG_09443,0.5997476759852056,FUN_041432-T2,Peve_00027845,Pocillopora_meandrina_HIv1___RNAseq.g15740.t1,three_way,86.71633333333334,FUN_041432-T2,Q90837,,,,,41.4,459.0,1.8000000000000002e-81,304.7,sp|Q90837|ERG_CHICK Transcriptional regulator Erg OS=Gallus gallus OX=9031 GN=ERG PE=2 SV=1,,,,,,
OG_01297,0.5947417280378631,FUN_005131-T1,Peve_00027431,Pocillopora_meandrina_HIv1___RNAseq.g22688.t1,three_way,57.669,FUN_005131-T1,P12256,,,,,31.2,321.0,7.1e-39,162.9,sp|P12256|PAC_LYSSH Penicillin V acylase OS=Lysinibacillus sphaericus OX=1421 PE=1 SV=1,,,,,,
OG_04213,0.5889709889612967,FUN_016850-T1,Peve_00018595,Pocillopora_meandrina_HIv1___RNAseq.g15658.t1,three_way,64.21766666666667,,,,,,,,,,,,,,,,,
OG_00887,0.5866956640790248,FUN_004202-T1,Peve_00008456,Pocillopora_meandrina_HIv1___RNAseq.g16814.t1,three_way,83.68566666666666,FUN_004202-T1,Q91W43,GCSP_MOUSE,,"Glycine dehydrogenase (decarboxylating), mitochondrial (EC 1.4.4.2) (Glycine cleavage system P protein) (Glycine decarboxylase) (Glycine dehydrogenase (aminomethyl-transferring))",Mus musculus (Mouse),66.0,968.0,0.0,1327.0,"sp|Q91W43|GCSP_MOUSE Glycine dehydrogenase (decarboxylating), mitochondrial OS=Mus musculus OX=10090 GN=Gldc PE=1 SV=1",GO:0004375; GO:0005654; GO:0005739; GO:0005886; GO:0005960; GO:0006546; GO:0016594; GO:0016829; GO:0019464; GO:0019899; GO:0030170; GO:0036255; GO:0042803; GO:0065003; GO:0070280; GO:1903442; GO:1990830,cellular response to leukemia inhibitory factor [GO:1990830]; glycine catabolic process [GO:0006546]; glycine decarboxylation via glycine cleavage system [GO:0019464]; protein-containing complex assembly [GO:0065003]; response to lipoic acid [GO:1903442]; response to methylamine [GO:0036255],glycine cleavage complex [GO:0005960]; mitochondrion [GO:0005739]; nucleoplasm [GO:0005654]; plasma membrane [GO:0005886],enzyme binding [GO:0019899]; glycine binding [GO:0016594]; glycine dehydrogenase (decarboxylating) activity [GO:0004375]; lyase activity [GO:0016829]; protein homodimerization activity [GO:0042803]; pyridoxal binding [GO:0070280]; pyridoxal phosphate binding [GO:0030170],GO:0003824; GO:0005654; GO:0005739; GO:0005886; GO:0006520; GO:0016491; GO:0016829; GO:0043226; GO:0065003,catalytic activity; nucleoplasm; mitochondrion; plasma membrane; amino acid metabolic process; oxidoreductase activity; lyase activity; organelle; protein-containing complex assembly
OG_02408,0.5863281316485953,FUN_009228-T2,Peve_00014803,Pocillopora_meandrina_HIv1___RNAseq.g6343.t1,three_way,63.64683333333333,FUN_009228-T2,Q24JV9,,,,,50.0,106.0,4.5000000000000003e-23,113.6,sp|Q24JV9|L3BPA_DANRE Galectin-3-binding protein A OS=Danio rerio OX=7955 GN=lgals3bpa PE=2 SV=1,,,,,,
OG_08941,0.585181548023029,FUN_038410-T1,Peve_00000012,Pocillopora_meandrina_HIv1___RNAseq.g28285.t1,three_way,90.88266666666668,FUN_038410-T1,Q66IZ7,,,,,48.4,287.0,1.4e-49,198.4,sp|Q66IZ7|NDL1B_XENLA Nuclear distribution protein nudE-like 1-B OS=Xenopus laevis OX=8355 GN=ndel1-b PE=2 SV=1,,,,,,
OG_04890,0.5849667989181541,FUN_022933-T1,Peve_00016029,Pocillopora_meandrina_HIv1___RNAseq.g3734.t1,three_way,55.45366666666667,,,,,,,,,,,,,,,,,
OG_09146,0.584372857408485,FUN_039798-T1,Peve_00017577,Pocillopora_meandrina_HIv1___RNAseq.g7474.t1,three_way,69.27600000000001,,,,,,,,,,,,,,,,,
OG_00242,0.5841335595201766,FUN_001005-T1,Peve_00015285,Pocillopora_meandrina_HIv1___TS.g6390.t1,three_way,40.208,,,,,,,,,,,,,,,,,
OG_05819,0.5835742982550952,FUN_025826-T1,Peve_00036290,Pocillopora_meandrina_HIv1___RNAseq.g9346.t1,three_way,60.5495,FUN_025826-T1,B8V7Q1,,,,,39.9,3257.0,0.0,2112.0,sp|B8V7Q1|PCDL_ACRMI Protocadherin-like protein OS=Acropora millepora OX=45264 PE=1 SV=1,,,,,,
OG_09269,0.5829152295239054,FUN_040075-T1,Peve_00021003,Pocillopora_meandrina_HIv1___RNAseq.g7690.t1,three_way,38.61383333333333,,,,,,,,,,,,,,,,,
OG_05764,0.5802679757843873,FUN_025722-T1,Peve_00014085,Pocillopora_meandrina_HIv1___RNAseq.g10452.t1,three_way,58.814,FUN_025722-T1,A8MY62,,,,,29.3,447.0,1.5e-46,188.7,sp|A8MY62|BLML_HUMAN Putative beta-lactamase-like 1 OS=Homo sapiens OX=9606 GN=LACTBL1 PE=1 SV=2,,,,,,
OG_01486,0.5738444449454114,FUN_006162-T1,Peve_00024180,Pocillopora_meandrina_HIv1___RNAseq.g20422.t1,three_way,46.14,FUN_006162-T1,Q90827,,,,,30.2,129.0,2.5e-09,65.1,sp|Q90827|NEL_CHICK Protein NEL OS=Gallus gallus OX=9031 GN=NEL PE=2 SV=1,,,,,,
OG_04651,0.5729731917712525,FUN_022386-T3,Peve_00037603,Pocillopora_meandrina_HIv1___RNAseq.g9310.t1,three_way,63.92666666666666,FUN_022386-T3,B8V7S0,,,,,48.6,251.0,2.8e-62,241.5,sp|B8V7S0|CPP1_ACRMI CUB and peptidase domain-containing protein 1 (Fragment) OS=Acropora millepora OX=45264 PE=1 SV=1,,,,,,
OG_05226,0.5727518485232429,FUN_023639-T1,Peve_00027828,Pocillopora_meandrina_HIv1___RNAseq.g17814.t1c,three_way,45.796,,,,,,,,,,,,,,,,,
OG_01583,0.5704025391915857,FUN_006619-T1,Peve_00040865,Pocillopora_meandrina_HIv1___RNAseq.g20179.t1,three_way,71.24033333333334,FUN_006619-T1,Q92598,HS105_HUMAN,,Heat shock protein 105 kDa (Antigen NY-CO-25) (Heat shock 110 kDa protein) (Heat shock protein family H member 1),Homo sapiens (Human),51.3,686.0,5.6e-181,636.0,sp|Q92598|HS105_HUMAN Heat shock protein 105 kDa OS=Homo sapiens OX=9606 GN=HSPH1 PE=1 SV=1,GO:0000774; GO:0005524; GO:0005576; GO:0005634; GO:0005654; GO:0005737; GO:0005829; GO:0005874; GO:0006457; GO:0006986; GO:0032991; GO:0043014; GO:0045345; GO:0051085; GO:0051135; GO:0070062; GO:0071682; GO:0140662,chaperone cofactor-dependent protein refolding [GO:0051085]; positive regulation of MHC class I biosynthetic process [GO:0045345]; positive regulation of NK T cell activation [GO:0051135]; protein folding [GO:0006457]; response to unfolded protein [GO:0006986],cytoplasm [GO:0005737]; cytosol [GO:0005829]; endocytic vesicle lumen [GO:0071682]; extracellular exosome [GO:0070062]; extracellular region [GO:0005576]; microtubule [GO:0005874]; nucleoplasm [GO:0005654]; nucleus [GO:0005634]; protein-containing complex [GO:0032991],adenyl-nucleotide exchange factor activity [GO:0000774]; alpha-tubulin binding [GO:0043014]; ATP binding [GO:0005524]; ATP-dependent protein folding chaperone [GO:0140662],GO:0005576; GO:0005634; GO:0005654; GO:0005829; GO:0006457; GO:0008092; GO:0043226; GO:0044183; GO:0098772; GO:0140657,extracellular region; nucleus; nucleoplasm; cytosol; protein folding; cytoskeletal protein binding; organelle; protein folding chaperone; molecular function regulator activity; ATP-dependent activity
OG_02949,0.5701296907242843,FUN_012067-T1,Peve_00004104,Pocillopora_meandrina_HIv1___RNAseq.g23636.t1,three_way,67.023,FUN_012067-T1,Q7Z020,,,,,28.6,553.0,9.3e-45,184.1,sp|Q7Z020|TRPA1_DROME Transient receptor potential cation channel subfamily A member 1 OS=Drosophila melanogaster OX=7227 GN=TrpA1 PE=1 SV=4,,,,,,
OG_01957,0.5691506560089925,FUN_008025-T1,Peve_00011341,Pocillopora_meandrina_HIv1___RNAseq.g30350.t1,three_way,62.04266666666667,,,,,,,,,,,,,,,,,
OG_06218,0.5680512968823834,FUN_028160-T1,Peve_00000617,Pocillopora_meandrina_HIv1___RNAseq.g29828.t1,three_way,77.55183333333333,,,,,,,,,,,,,,,,,
OG_01250,0.5655841198433852,FUN_004969-T1,Peve_00043270,Pocillopora_meandrina_HIv1___TS.g20136.t1,three_way,49.14716666666666,,,,,,,,,,,,,,,,,
OG_05100,0.5645233185120291,FUN_023352-T1,Peve_00035608,Pocillopora_meandrina_HIv1___RNAseq.g17431.t1,three_way,88.21533333333333,FUN_023352-T1,Q8R367,,,,,42.9,161.0,3.8999999999999995e-28,126.7,sp|Q8R367|RERG_MOUSE Ras-related and estrogen-regulated growth inhibitor OS=Mus musculus OX=10090 GN=Rerg PE=2 SV=1,,,,,,
OG_03334,0.5623019798472154,FUN_013555-T1,Peve_00024216,Pocillopora_meandrina_HIv1___RNAseq.g22959.t1,three_way,90.33133333333332,FUN_013555-T1,Q9YHT2,,,,,83.1,249.0,8.500000000000001e-126,451.4,"sp|Q9YHT2|SDHB_CHICK Succinate dehydrogenase [ubiquinone] iron-sulfur subunit, mitochondrial OS=Gallus gallus OX=9031 GN=SDHB PE=1 SV=1",,,,,,
OG_03495,0.560289363517188,FUN_014604-T1,Peve_00028205,Pocillopora_meandrina_HIv1___RNAseq.g22749.t1,three_way,70.68266666666666,FUN_014604-T1,A2BGR3,,,,,54.5,635.0,3.2000000000000004e-185,650.2,sp|A2BGR3|ERC6L_DANRE DNA excision repair protein ERCC-6-like OS=Danio rerio OX=7955 GN=ercc6l PE=1 SV=1,,,,,,
OG_08095,0.5582858444199224,FUN_035833-T1,Peve_00002593,Pocillopora_meandrina_HIv1___RNAseq.g11963.t1,three_way,82.79166666666667,FUN_035833-T1,O74212,,,,,49.9,443.0,1.9999999999999999e-128,460.7,sp|O74212|D5FAD_MORAP Acyl-lipid (8-3)-desaturase OS=Mortierella alpina OX=64518 GN=DES1 PE=1 SV=1,,,,,,
OG_03581,0.5578418432269764,FUN_014736-T1,Peve_00010443,Pocillopora_meandrina_HIv1___RNAseq.g22481.t1,three_way,65.606,,,,,,,,,,,,,,,,,
OG_09698,0.5571466773715198,FUN_041929-T1,Peve_00022681,Pocillopora_meandrina_HIv1___RNAseq.g15697.t1,three_way,59.108,FUN_041929-T1,Q6AYB8,GO45_RAT,,Golgin-45 (Basic leucine zipper nuclear factor 1),Rattus norvegicus (Rat),29.6,422.0,1.5e-25,119.0,sp|Q6AYB8|GO45_RAT Golgin-45 OS=Rattus norvegicus OX=10116 GN=Blzf1 PE=1 SV=1,GO:0000139; GO:0005634; GO:0005794; GO:0007030; GO:0019899; GO:0031625; GO:0043001,Golgi organization [GO:0007030]; Golgi to plasma membrane protein transport [GO:0043001],Golgi apparatus [GO:0005794]; Golgi membrane [GO:0000139]; nucleus [GO:0005634],enzyme binding [GO:0019899]; ubiquitin protein ligase binding [GO:0031625],GO:0005634; GO:0005794; GO:0016192; GO:0043226; GO:0072659,nucleus; Golgi apparatus; vesicle-mediated transport; organelle; protein localization to plasma membrane
OG_05674,0.5539173008552098,FUN_025504-T1,Peve_00040926,Pocillopora_meandrina_HIv1___RNAseq.g13217.t1,three_way,54.756166666666665,FUN_025504-T1,Q90X46,GP161_DANRE,,G-protein coupled receptor 161,Danio rerio (Zebrafish) (Brachydanio rerio),42.3,196.0,3.5e-33,144.8,sp|Q90X46|GP161_DANRE G-protein coupled receptor 161 OS=Danio rerio OX=7955 GN=gpr161 PE=2 SV=2,GO:0004930; GO:0005929; GO:0007186; GO:0007189; GO:0007368; GO:0051924; GO:0055037; GO:0060170; GO:1901621,adenylate cyclase-activating G protein-coupled receptor signaling pathway [GO:0007189]; determination of left/right symmetry [GO:0007368]; G protein-coupled receptor signaling pathway [GO:0007186]; negative regulation of smoothened signaling pathway involved in dorsal/ventral neural tube patterning [GO:1901621]; regulation of calcium ion transport [GO:0051924],ciliary membrane [GO:0060170]; cilium [GO:0005929]; recycling endosome [GO:0055037],G protein-coupled receptor activity [GO:0004930],GO:0005768; GO:0005929; GO:0031410; GO:0043226; GO:0060089,endosome; cilium; cytoplasmic vesicle; organelle; molecular transducer activity
OG_08546,0.5520305162322438,FUN_037508-T1,Peve_00028562,Pocillopora_meandrina_HIv1___RNAseq.g1315.t1,three_way,65.59033333333333,,,,,,,,,,,,,,,,,
OG_07400,0.5515181403689569,FUN_033839-T1,Peve_00016490,Pocillopora_meandrina_HIv1___RNAseq.g26367.t1,three_way,53.79466666666666,,,,,,,,,,,,,,,,,
